<?xml version="1.0" encoding="UTF-8"?>
<faces-config
    xmlns="http://java.sun.com/xml/ns/javaee"
    xmlns:xsi="http://www.w3.org/2001/XMLSchema-instance"
    xsi:schemaLocation="http://java.sun.com/xml/ns/javaee http://java.sun.com/xml/ns/javaee/web-facesconfig_2_0.xsd"
    version="2.0">
	<managed-bean>
		<managed-bean-name>prepared</managed-bean-name>
		<managed-bean-class>code.BakedBean</managed-bean-class>
		<managed-bean-scope>request</managed-bean-scope>
	</managed-bean>
	<navigation-rule>
		<display-name>input.xhtml</display-name>
		<from-view-id>/input.xhtml</from-view-id>
		<navigation-case>
			<from-outcome>success</from-outcome>
			<to-view-id>/result.xhtml</to-view-id>
			<redirect/>
		</navigation-case>
	</navigation-rule>

</faces-config>
